Risk_Segment,Count,Actual_Churn_Rate,Avg_Predicted_Prob
Low Risk,2922,0.08213552361396304,0.02301078377971088
Medium Risk,131,0.1450381679389313,0.2787450315388104
High Risk,69,0.2753623188405797,0.4880664849626845
Very High Risk,98,0.5102040816326531,0.807186779434845
