segment,n_customers,actual_churn_rate
HIGH RISK,521,1
LOW RISK,2902,0.5892487939352171
MEDIUM RISK,1387,0.9877433309300648
VERY LOW,43441,0.02755461430445892
