metric,value
roc_auc,0.3509428870222312
accuracy,0.8782608695652174
precision,0.9047927461139896
recall,0.9661134163208852
f1_score,0.934448160535117
