Threshold,Customers_Targeted,Actual_Churners_in_Target,Precision,Campaign_Cost,Expected_Revenue_Saved,Discount_Cost,Net_Benefit,ROI_Percent
0.15,368,99,0.26902173913043476,18400,399508810.0162421,242390018.93688315,157100391.07935894,853806.4732573855
0.2,298,88,0.2953020134228188,14900,355118942.23665965,196283221.85649776,158820820.38016188,1065911.546175583
0.25,245,81,0.3306122448979592,12250,326870844.55874354,161373789.78134882,165484804.7773947,1350896.3655297528
0.3,209,76,0.36363636363636365,10450,306693631.9316606,137661722.71143633,169021459.22022426,1617430.231772481
0.35,189,73,0.3862433862433862,9450,294587304.3554109,124488352.11704051,170089502.23837036,1799888.9125753478
0.4,167,69,0.41317365269461076,8350,278445534.2537445,109997644.46320511,168439539.79053938,2017239.9974914896
