Risk_Segment,Count,Pct_of_Portfolio,Actual_Churn_Rate,Avg_Predicted_Prob
Low Risk,2852,88.57142857142857,8.029453015427771,0.019356293878080466
Medium Risk,159,4.937888198757764,14.465408805031446,0.21291082535149916
High Risk,81,2.515527950310559,22.22222222222222,0.395042179543295
Very High Risk,128,3.9751552795031055,45.3125,0.7459266661621768
